{
  "overall": {
    "accuracy": 0.8814814814814815,
    "precision": 0.9050054603593625,
    "recall": 0.8814814814814815,
    "f1": 0.8835122788526945
  },
  "per_class": {
    "precision": [
      1.0,
      0.9310344827586207,
      1.0,
      0.7894736842105263,
      1.0,
      0.9285714285714286,
      0.9285714285714286,
      0.6363636363636364
    ],
    "recall": [
      1.0,
      0.9,
      0.6666666666666666,
      1.0,
      0.8,
      0.8666666666666667,
      0.8666666666666667,
      0.9333333333333333
    ],
    "f1": [
      1.0,
      0.9152542372881356,
      0.8,
      0.8823529411764706,
      0.8888888888888888,
      0.896551724137931,
      0.896551724137931,
      0.7567567567567568
    ]
  },
  "confusion_matrix": [
    [
      15,
      0,
      0,
      0,
      0,
      0,
      0,
      0
    ],
    [
      0,
      27,
      0,
      0,
      0,
      1,
      0,
      2
    ],
    [
      0,
      0,
      10,
      1,
      0,
      0,
      0,
      4
    ],
    [
      0,
      0,
      0,
      15,
      0,
      0,
      0,
      0
    ],
    [
      0,
      1,
      0,
      0,
      12,
      0,
      1,
      1
    ],
    [
      0,
      0,
      0,
      2,
      0,
      13,
      0,
      0
    ],
    [
      0,
      1,
      0,
      0,
      0,
      0,
      13,
      1
    ],
    [
      0,
      0,
      0,
      1,
      0,
      0,
      0,
      14
    ]
  ],
  "classification_report": {
    "Forced Action": {
      "precision": 1.0,
      "recall": 1.0,
      "f1-score": 1.0,
      "support": 15.0
    },
    "Misdirection": {
      "precision": 0.9310344827586207,
      "recall": 0.9,
      "f1-score": 0.9152542372881356,
      "support": 30.0
    },
    "Not Dark Pattern": {
      "precision": 1.0,
      "recall": 0.6666666666666666,
      "f1-score": 0.8,
      "support": 15.0
    },
    "Obstruction": {
      "precision": 0.7894736842105263,
      "recall": 1.0,
      "f1-score": 0.8823529411764706,
      "support": 15.0
    },
    "Scarcity": {
      "precision": 1.0,
      "recall": 0.8,
      "f1-score": 0.8888888888888888,
      "support": 15.0
    },
    "Sneaking": {
      "precision": 0.9285714285714286,
      "recall": 0.8666666666666667,
      "f1-score": 0.896551724137931,
      "support": 15.0
    },
    "Social Proof": {
      "precision": 0.9285714285714286,
      "recall": 0.8666666666666667,
      "f1-score": 0.896551724137931,
      "support": 15.0
    },
    "Urgency": {
      "precision": 0.6363636363636364,
      "recall": 0.9333333333333333,
      "f1-score": 0.7567567567567568,
      "support": 15.0
    },
    "accuracy": 0.8814814814814815,
    "macro avg": {
      "precision": 0.901751832559455,
      "recall": 0.8791666666666667,
      "f1-score": 0.8795445340482642,
      "support": 135.0
    },
    "weighted avg": {
      "precision": 0.9050054603593625,
      "recall": 0.8814814814814815,
      "f1-score": 0.8835122788526945,
      "support": 135.0
    }
  }
}