{
  "overall": {
    "accuracy": 0.9762845849802372,
    "precision": 0.9771572301216569,
    "recall": 0.9762845849802372,
    "f1": 0.9763138443552335
  },
  "per_class": {
    "precision": [
      1.0,
      0.8787878787878788,
      0.9285714285714286,
      1.0,
      1.0,
      1.0,
      1.0,
      1.0
    ],
    "recall": [
      1.0,
      0.9666666666666667,
      0.8666666666666667,
      1.0,
      1.0,
      1.0,
      0.967741935483871,
      1.0
    ],
    "f1": [
      1.0,
      0.9206349206349206,
      0.896551724137931,
      1.0,
      1.0,
      1.0,
      0.9836065573770492,
      1.0
    ]
  },
  "confusion_matrix": [
    [
      30,
      0,
      0,
      0,
      0,
      0,
      0,
      0
    ],
    [
      0,
      29,
      1,
      0,
      0,
      0,
      0,
      0
    ],
    [
      0,
      4,
      26,
      0,
      0,
      0,
      0,
      0
    ],
    [
      0,
      0,
      0,
      30,
      0,
      0,
      0,
      0
    ],
    [
      0,
      0,
      0,
      0,
      42,
      0,
      0,
      0
    ],
    [
      0,
      0,
      0,
      0,
      0,
      30,
      0,
      0
    ],
    [
      0,
      0,
      1,
      0,
      0,
      0,
      30,
      0
    ],
    [
      0,
      0,
      0,
      0,
      0,
      0,
      0,
      30
    ]
  ],
  "classification_report": {
    "Forced Action": {
      "precision": 1.0,
      "recall": 1.0,
      "f1-score": 1.0,
      "support": 30.0
    },
    "Misdirection": {
      "precision": 0.8787878787878788,
      "recall": 0.9666666666666667,
      "f1-score": 0.9206349206349206,
      "support": 30.0
    },
    "Not Dark Pattern": {
      "precision": 0.9285714285714286,
      "recall": 0.8666666666666667,
      "f1-score": 0.896551724137931,
      "support": 30.0
    },
    "Obstruction": {
      "precision": 1.0,
      "recall": 1.0,
      "f1-score": 1.0,
      "support": 30.0
    },
    "Scarcity": {
      "precision": 1.0,
      "recall": 1.0,
      "f1-score": 1.0,
      "support": 42.0
    },
    "Sneaking": {
      "precision": 1.0,
      "recall": 1.0,
      "f1-score": 1.0,
      "support": 30.0
    },
    "Social Proof": {
      "precision": 1.0,
      "recall": 0.967741935483871,
      "f1-score": 0.9836065573770492,
      "support": 31.0
    },
    "Urgency": {
      "precision": 1.0,
      "recall": 1.0,
      "f1-score": 1.0,
      "support": 30.0
    },
    "accuracy": 0.9762845849802372,
    "macro avg": {
      "precision": 0.9759199134199135,
      "recall": 0.9751344086021505,
      "f1-score": 0.9750991502687376,
      "support": 253.0
    },
    "weighted avg": {
      "precision": 0.9771572301216569,
      "recall": 0.9762845849802372,
      "f1-score": 0.9763138443552335,
      "support": 253.0
    }
  }
}